{
  "AWSTemplateFormatVersion": "2010-09-09",
  "Description": "The AWS CloudFormation template for this Serverless application",
  "Resources": {
    "ServerlessDeploymentBucket": {
      "Type": "AWS::S3::Bucket",
      "Properties": {
        "BucketEncryption": {
          "ServerSideEncryptionConfiguration": [
            {
              "ServerSideEncryptionByDefault": {
                "SSEAlgorithm": "AES256"
              }
            }
          ]
        }
      }
    },
    "ServerlessDeploymentBucketPolicy": {
      "Type": "AWS::S3::BucketPolicy",
      "Properties": {
        "Bucket": {
          "Ref": "ServerlessDeploymentBucket"
        },
        "PolicyDocument": {
          "Statement": [
            {
              "Action": "s3:*",
              "Effect": "Deny",
              "Principal": "*",
              "Resource": [
                {
                  "Fn::Join": [
                    "",
                    [
                      "arn:",
                      {
                        "Ref": "AWS::Partition"
                      },
                      ":s3:::",
                      {
                        "Ref": "ServerlessDeploymentBucket"
                      },
                      "/*"
                    ]
                  ]
                },
                {
                  "Fn::Join": [
                    "",
                    [
                      "arn:",
                      {
                        "Ref": "AWS::Partition"
                      },
                      ":s3:::",
                      {
                        "Ref": "ServerlessDeploymentBucket"
                      }
                    ]
                  ]
                }
              ],
              "Condition": {
                "Bool": {
                  "aws:SecureTransport": false
                }
              }
            }
          ]
        }
      }
    },
    "MonthlyBudget": {
      "Type": "AWS::Budgets::Budget",
      "Properties": {
        "Budget": {
          "BudgetName": "Monthly",
          "BudgetType": "COST",
          "TimeUnit": "MONTHLY",
          "BudgetLimit": {
            "Amount": 1,
            "Unit": "USD"
          },
          "CostTypes": {
            "IncludeTax": true,
            "IncludeSubscription": true,
            "IncludeCredit": false,
            "UseBlended": false
          }
        },
        "NotificationsWithSubscribers": [
          {
            "Notification": {
              "NotificationType": "ACTUAL",
              "ComparisonOperator": "GREATER_THAN",
              "Threshold": 95
            },
            "Subscribers": [
              {
                "SubscriptionType": "EMAIL",
                "Address": "sriharsha.uppala@cloudangles.com"
              }
            ]
          },
          {
            "Notification": {
              "NotificationType": "ACTUAL",
              "ComparisonOperator": "GREATER_THAN",
              "Threshold": 100
            },
            "Subscribers": [
              {
                "SubscriptionType": "EMAIL",
                "Address": "sriharsha.uppala@cloudangles.com"
              }
            ]
          }
        ]
      }
    }
  },
  "Outputs": {
    "ServerlessDeploymentBucketName": {
      "Value": {
        "Ref": "ServerlessDeploymentBucket"
      },
      "Export": {
        "Name": "sls-awsbillingalerts-dev-ServerlessDeploymentBucketName"
      }
    }
  }
}